id;content_type;upload_date_time;status
1;huzzah;2024-02-29T10:15:08;puny interesting alongside
2;gnaw gravitate fairly;2024-02-29T17:48:31;worthless
3;boohoo even;2024-02-29T10:01:15;glacier
4;that lined above;2024-03-01T04:44:23;mmm tunnel
5;softly hm manager;2024-02-29T11:24:02;tasty remarkable oh
6;naturally abaft plus;2024-02-29T22:08:34;embalm duh parcel
7;meanwhile up upright;2024-02-29T09:16:32;opposite
8;phew bountiful than;2024-02-29T12:21:37;restore giving overgraze
9;why;2024-03-01T02:12:04;unkempt forenenst with
10;yippee barring hard-to-find;2024-02-29T07:39:13;zowie furthermore save
